chip_Id	Standard_Deviation	Probe	ds_id	Multi_Mapping	Sample_Type	Expression_Value	Sample_ID	LineGraphGroup	Day
D0	0.0	mmu-mir-669k-3p	6128	no	2°MEF	None	2°MEF	High Dox	Day 0	
D11	0.0	mmu-mir-669k-3p	6128	no	D11H	-1.96187644644	D11H	High Dox	Day 11	
D16	0.0	mmu-mir-669k-3p	6128	no	D16H	None	D16H	High Dox	Day 16	
D16APG2r2	0.0	mmu-mir-669k-3p	6128	no	D16L	-1.83089287141	D16L	Low Dox	Day 16	
D18	0.0	mmu-mir-669k-3p	6128	no	D18H	None	D18H	High Dox	Day 18	
D2	0.0	mmu-mir-669k-3p	6128	no	D2H	-4.00599517102	D2H	High Dox	Day 02	
D21PG2r2DoxMinus	0.0	mmu-mir-669k-3p	6128	no	D21Ø	-3.02419961318	D21Ø	Low Dox	Day 21	
D21PG2r2DoxPlus	0.0	mmu-mir-669k-3p	6128	no	D21L	-1.6208554517	D21L	Low Dox	Day 21	
D5	0.0	mmu-mir-669k-3p	6128	no	D5H	None	D5H	High Dox	Day 05	
D8	0.0	mmu-mir-669k-3p	6128	no	D8H	None	D8H	High Dox	Day 08	
IPS1o	0.0	mmu-mir-669k-3p	6128	no	1⁰iPSC	-2.76237690211	1⁰iPSC	1⁰iPSC	1⁰iPSC	
IPS2o	0.0	mmu-mir-669k-3p	6128	no	2⁰iPSC	-3.21644707363	2⁰iPSC	2⁰iPSC	2⁰iPSC	
rtTA	0.0	mmu-mir-669k-3p	6128	no	ESC	None	ESC	ESC	ESC	
D0	0.0	mmu-mir-467d-5p	6128	no	2°MEF	-0.587621051248	2°MEF	High Dox	Day 0	
D11	0.0	mmu-mir-467d-5p	6128	no	D11H	2.66261441873	D11H	High Dox	Day 11	
D16	0.0	mmu-mir-467d-5p	6128	no	D16H	2.72693944424	D16H	High Dox	Day 16	
D16APG2r2	0.0	mmu-mir-467d-5p	6128	no	D16L	0.777916371283	D16L	Low Dox	Day 16	
D18	0.0	mmu-mir-467d-5p	6128	no	D18H	-0.137362554691	D18H	High Dox	Day 18	
D2	0.0	mmu-mir-467d-5p	6128	no	D2H	2.18382938729	D2H	High Dox	Day 02	
D21PG2r2DoxMinus	0.0	mmu-mir-467d-5p	6128	no	D21Ø	2.45961616362	D21Ø	Low Dox	Day 21	
D21PG2r2DoxPlus	0.0	mmu-mir-467d-5p	6128	no	D21L	0.655984753501	D21L	Low Dox	Day 21	
D5	0.0	mmu-mir-467d-5p	6128	no	D5H	0.545705729643	D5H	High Dox	Day 05	
D8	0.0	mmu-mir-467d-5p	6128	no	D8H	1.59065209037	D8H	High Dox	Day 08	
IPS1o	0.0	mmu-mir-467d-5p	6128	no	1⁰iPSC	2.40754809946	1⁰iPSC	1⁰iPSC	1⁰iPSC	
IPS2o	0.0	mmu-mir-467d-5p	6128	no	2⁰iPSC	2.91283594352	2⁰iPSC	2⁰iPSC	2⁰iPSC	
rtTA	0.0	mmu-mir-467d-5p	6128	no	ESC	2.75644636501	ESC	ESC	ESC	
D0	0.0	mmu-mir-466o-5p	6128	no	2°MEF	-0.128189432473	2°MEF	High Dox	Day 0	
D11	0.0	mmu-mir-466o-5p	6128	no	D11H	None	D11H	High Dox	Day 11	
D16	0.0	mmu-mir-466o-5p	6128	no	D16H	2.26227117724	D16H	High Dox	Day 16	
D16APG2r2	0.0	mmu-mir-466o-5p	6128	no	D16L	2.85840628914	D16L	Low Dox	Day 16	
D18	0.0	mmu-mir-466o-5p	6128	no	D18H	1.72513392154	D18H	High Dox	Day 18	
D2	0.0	mmu-mir-466o-5p	6128	no	D2H	3.04928726392	D2H	High Dox	Day 02	
D21PG2r2DoxMinus	0.0	mmu-mir-466o-5p	6128	no	D21Ø	3.53804281059	D21Ø	Low Dox	Day 21	
D21PG2r2DoxPlus	0.0	mmu-mir-466o-5p	6128	no	D21L	None	D21L	Low Dox	Day 21	
D5	0.0	mmu-mir-466o-5p	6128	no	D5H	2.45643839151	D5H	High Dox	Day 05	
D8	0.0	mmu-mir-466o-5p	6128	no	D8H	1.59065209037	D8H	High Dox	Day 08	
IPS1o	0.0	mmu-mir-466o-5p	6128	no	1⁰iPSC	3.62132739049	1⁰iPSC	1⁰iPSC	1⁰iPSC	
IPS2o	0.0	mmu-mir-466o-5p	6128	no	2⁰iPSC	1.59090784862	2⁰iPSC	2⁰iPSC	2⁰iPSC	
rtTA	0.0	mmu-mir-466o-5p	6128	no	ESC	4.30272839756	ESC	ESC	ESC	
D0	0.0	mmu-mir-467e-3p	6128	no	2°MEF	3.27035994398	2°MEF	High Dox	Day 0	
D11	0.0	mmu-mir-467e-3p	6128	no	D11H	4.69633503658	D11H	High Dox	Day 11	
D16	0.0	mmu-mir-467e-3p	6128	no	D16H	5.87344355728	D16H	High Dox	Day 16	
D16APG2r2	0.0	mmu-mir-467e-3p	6128	no	D16L	6.35100477171	D16L	Low Dox	Day 16	
D18	0.0	mmu-mir-467e-3p	6128	no	D18H	5.01791567075	D18H	High Dox	Day 18	
D2	0.0	mmu-mir-467e-3p	6128	no	D2H	6.62700002556	D2H	High Dox	Day 02	
D21PG2r2DoxMinus	0.0	mmu-mir-467e-3p	6128	no	D21Ø	6.55086685095	D21Ø	Low Dox	Day 21	
D21PG2r2DoxPlus	0.0	mmu-mir-467e-3p	6128	no	D21L	7.07557714852	D21L	Low Dox	Day 21	
D5	0.0	mmu-mir-467e-3p	6128	no	D5H	5.41162454415	D5H	High Dox	Day 05	
D8	0.0	mmu-mir-467e-3p	6128	no	D8H	5.3738407013	D8H	High Dox	Day 08	
IPS1o	0.0	mmu-mir-467e-3p	6128	no	1⁰iPSC	6.60939974236	1⁰iPSC	1⁰iPSC	1⁰iPSC	
IPS2o	0.0	mmu-mir-467e-3p	6128	no	2⁰iPSC	5.53174577617	2⁰iPSC	2⁰iPSC	2⁰iPSC	
rtTA	0.0	mmu-mir-467e-3p	6128	no	ESC	6.0459529822	ESC	ESC	ESC	
D0	0.0	mmu-mir-466a-5p	6128	no	2°MEF	-3.5876210519	2°MEF	High Dox	Day 0	
D11	0.0	mmu-mir-466a-5p	6128	no	D11H	None	D11H	High Dox	Day 11	
D16	0.0	mmu-mir-466a-5p	6128	no	D16H	-1.38158501255	D16H	High Dox	Day 16	
D16APG2r2	0.0	mmu-mir-466a-5p	6128	no	D16L	-1.83089287141	D16L	Low Dox	Day 16	
D18	0.0	mmu-mir-466a-5p	6128	no	D18H	None	D18H	High Dox	Day 18	
D2	0.0	mmu-mir-466a-5p	6128	no	D2H	-1.42103267069	D2H	High Dox	Day 02	
D21PG2r2DoxMinus	0.0	mmu-mir-466a-5p	6128	no	D21Ø	-0.776272100109	D21Ø	Low Dox	Day 21	
D21PG2r2DoxPlus	0.0	mmu-mir-466a-5p	6128	no	D21L	None	D21L	Low Dox	Day 21	
D5	0.0	mmu-mir-466a-5p	6128	no	D5H	None	D5H	High Dox	Day 05	
D8	0.0	mmu-mir-466a-5p	6128	no	D8H	-1.02825774228	D8H	High Dox	Day 08	
IPS1o	0.0	mmu-mir-466a-5p	6128	no	1⁰iPSC	-1.44044880703	1⁰iPSC	1⁰iPSC	1⁰iPSC	
IPS2o	0.0	mmu-mir-466a-5p	6128	no	2⁰iPSC	-2.21644707363	2⁰iPSC	2⁰iPSC	2⁰iPSC	
rtTA	0.0	mmu-mir-466a-5p	6128	no	ESC	0.779166441543	ESC	ESC	ESC	
D0	0.0	mmu-mir-669f-3p	6128	no	2°MEF	1.66030646228	2°MEF	High Dox	Day 0	
D11	0.0	mmu-mir-669f-3p	6128	no	D11H	2.23452076662	D11H	High Dox	Day 11	
D16	0.0	mmu-mir-669f-3p	6128	no	D16H	2.42576990951	D16H	High Dox	Day 16	
D16APG2r2	0.0	mmu-mir-669f-3p	6128	no	D16L	3.97903599432	D16L	Low Dox	Day 16	
D18	0.0	mmu-mir-669f-3p	6128	no	D18H	1.9267677827	D18H	High Dox	Day 18	
D2	0.0	mmu-mir-669f-3p	6128	no	D2H	3.74219767801	D2H	High Dox	Day 02	
D21PG2r2DoxMinus	0.0	mmu-mir-669f-3p	6128	no	D21Ø	4.29772848126	D21Ø	Low Dox	Day 21	
D21PG2r2DoxPlus	0.0	mmu-mir-669f-3p	6128	no	D21L	5.21008629053	D21L	Low Dox	Day 21	
D5	0.0	mmu-mir-669f-3p	6128	no	D5H	2.29416696259	D5H	High Dox	Day 05	
D8	0.0	mmu-mir-669f-3p	6128	no	D8H	3.16438733567	D8H	High Dox	Day 08	
IPS1o	0.0	mmu-mir-669f-3p	6128	no	1⁰iPSC	3.41753218803	1⁰iPSC	1⁰iPSC	1⁰iPSC	
IPS2o	0.0	mmu-mir-669f-3p	6128	no	2⁰iPSC	2.48399264472	2⁰iPSC	2⁰iPSC	2⁰iPSC	
rtTA	0.0	mmu-mir-669f-3p	6128	no	ESC	2.84525563196	ESC	ESC	ESC	
D0	0.0	mmu-mir-466p-5p	6128	no	2°MEF	-3.5876210519	2°MEF	High Dox	Day 0	
D11	0.0	mmu-mir-466p-5p	6128	no	D11H	None	D11H	High Dox	Day 11	
D16	0.0	mmu-mir-466p-5p	6128	no	D16H	1.42576990951	D16H	High Dox	Day 16	
D16APG2r2	0.0	mmu-mir-466p-5p	6128	no	D16L	1.64159490006	D16L	Low Dox	Day 16	
D18	0.0	mmu-mir-466p-5p	6128	no	D18H	0.651133340091	D18H	High Dox	Day 18	
D2	0.0	mmu-mir-466p-5p	6128	no	D2H	0.453436447087	D2H	High Dox	Day 02	
D21PG2r2DoxMinus	0.0	mmu-mir-466p-5p	6128	no	D21Ø	2.78315530844	D21Ø	Low Dox	Day 21	
D21PG2r2DoxPlus	0.0	mmu-mir-466p-5p	6128	no	D21L	None	D21L	Low Dox	Day 21	
D5	0.0	mmu-mir-466p-5p	6128	no	D5H	1.11130290542	D5H	High Dox	Day 05	
D8	0.0	mmu-mir-466p-5p	6128	no	D8H	1.48631543054	D8H	High Dox	Day 08	
IPS1o	0.0	mmu-mir-466p-5p	6128	no	1⁰iPSC	2.44707646365	1⁰iPSC	1⁰iPSC	1⁰iPSC	
IPS2o	0.0	mmu-mir-466p-5p	6128	no	2⁰iPSC	-0.894518978476	2⁰iPSC	2⁰iPSC	2⁰iPSC	
rtTA	0.0	mmu-mir-466p-5p	6128	no	ESC	3.2054311962	ESC	ESC	ESC	
D0	0.0	mmu-mir-466h-5p	6128	no	2°MEF	1.2197338709	2°MEF	High Dox	Day 0	
D11	0.0	mmu-mir-466h-5p	6128	no	D11H	3.34797881641	D11H	High Dox	Day 11	
D16	0.0	mmu-mir-466h-5p	6128	no	D16H	4.26946667864	D16H	High Dox	Day 16	
D16APG2r2	0.0	mmu-mir-466h-5p	6128	no	D16L	4.08558377304	D16L	Low Dox	Day 16	
D18	0.0	mmu-mir-466h-5p	6128	no	D18H	4.40320582664	D18H	High Dox	Day 18	
D2	0.0	mmu-mir-466h-5p	6128	no	D2H	3.48585792474	D2H	High Dox	Day 02	
D21PG2r2DoxMinus	0.0	mmu-mir-466h-5p	6128	no	D21Ø	4.46564834681	D21Ø	Low Dox	Day 21	
D21PG2r2DoxPlus	0.0	mmu-mir-466h-5p	6128	no	D21L	3.47636635586	D21L	Low Dox	Day 21	
D5	0.0	mmu-mir-466h-5p	6128	no	D5H	3.3027289761	D5H	High Dox	Day 05	
D8	0.0	mmu-mir-466h-5p	6128	no	D8H	4.04090428224	D8H	High Dox	Day 08	
IPS1o	0.0	mmu-mir-466h-5p	6128	no	1⁰iPSC	4.92762106944	1⁰iPSC	1⁰iPSC	1⁰iPSC	
IPS2o	0.0	mmu-mir-466h-5p	6128	no	2⁰iPSC	5.14987514083	2⁰iPSC	2⁰iPSC	2⁰iPSC	
rtTA	0.0	mmu-mir-466h-5p	6128	no	ESC	6.39938626701	ESC	ESC	ESC	
D0	0.0	mmu-mir-297b-5p	6128	no	2°MEF	3.15384593525	2°MEF	High Dox	Day 0	
D11	0.0	mmu-mir-297b-5p	6128	no	D11H	4.61806797978	D11H	High Dox	Day 11	
D16	0.0	mmu-mir-297b-5p	6128	no	D16H	5.20712962304	D16H	High Dox	Day 16	
D16APG2r2	0.0	mmu-mir-297b-5p	6128	no	D16L	4.4508053787	D16L	Low Dox	Day 16	
D18	0.0	mmu-mir-297b-5p	6128	no	D18H	5.16142904137	D18H	High Dox	Day 18	
D2	0.0	mmu-mir-297b-5p	6128	no	D2H	5.49783056641	D2H	High Dox	Day 02	
D21PG2r2DoxMinus	0.0	mmu-mir-297b-5p	6128	no	D21Ø	4.51107576299	D21Ø	Low Dox	Day 21	
D21PG2r2DoxPlus	0.0	mmu-mir-297b-5p	6128	no	D21L	4.43526115254	D21L	Low Dox	Day 21	
D5	0.0	mmu-mir-297b-5p	6128	no	D5H	4.63655916005	D5H	High Dox	Day 05	
D8	0.0	mmu-mir-297b-5p	6128	no	D8H	4.88206375874	D8H	High Dox	Day 08	
IPS1o	0.0	mmu-mir-297b-5p	6128	no	1⁰iPSC	5.67433464016	1⁰iPSC	1⁰iPSC	1⁰iPSC	
IPS2o	0.0	mmu-mir-297b-5p	6128	no	2⁰iPSC	5.10096554035	2⁰iPSC	2⁰iPSC	2⁰iPSC	
rtTA	0.0	mmu-mir-297b-5p	6128	no	ESC	6.1167883435	ESC	ESC	ESC	
D0	0.0	mmu-mir-297c-5p	6128	no	2°MEF	2.75222895174	2°MEF	High Dox	Day 0	
D11	0.0	mmu-mir-297c-5p	6128	no	D11H	4.90848827341	D11H	High Dox	Day 11	
D16	0.0	mmu-mir-297c-5p	6128	no	D16H	5.36995904655	D16H	High Dox	Day 16	
D16APG2r2	0.0	mmu-mir-297c-5p	6128	no	D16L	5.29322844043	D16L	Low Dox	Day 16	
D18	0.0	mmu-mir-297c-5p	6128	no	D18H	5.10364554478	D18H	High Dox	Day 18	
D2	0.0	mmu-mir-297c-5p	6128	no	D2H	4.66996186136	D2H	High Dox	Day 02	
D21PG2r2DoxMinus	0.0	mmu-mir-297c-5p	6128	no	D21Ø	5.4280416268	D21Ø	Low Dox	Day 21	
D21PG2r2DoxPlus	0.0	mmu-mir-297c-5p	6128	no	D21L	3.99385439227	D21L	Low Dox	Day 21	
D5	0.0	mmu-mir-297c-5p	6128	no	D5H	4.54570572959	D5H	High Dox	Day 05	
D8	0.0	mmu-mir-297c-5p	6128	no	D8H	5.21966977118	D8H	High Dox	Day 08	
IPS1o	0.0	mmu-mir-297c-5p	6128	no	1⁰iPSC	6.28474701013	1⁰iPSC	1⁰iPSC	1⁰iPSC	
IPS2o	0.0	mmu-mir-297c-5p	6128	no	2⁰iPSC	5.15424033339	2⁰iPSC	2⁰iPSC	2⁰iPSC	
rtTA	0.0	mmu-mir-297c-5p	6128	no	ESC	7.69055842935	ESC	ESC	ESC	
D0	0.0	mmu-mir-467e-5p	6128	no	2°MEF	6.11281866698	2°MEF	High Dox	Day 0	
D11	0.0	mmu-mir-467e-5p	6128	no	D11H	1.49755517245	D11H	High Dox	Day 11	
D16	0.0	mmu-mir-467e-5p	6128	no	D16H	8.6908825957	D16H	High Dox	Day 16	
D16APG2r2	0.0	mmu-mir-467e-5p	6128	no	D16L	7.61639702984	D16L	Low Dox	Day 16	
D18	0.0	mmu-mir-467e-5p	6128	no	D18H	8.17180370884	D18H	High Dox	Day 18	
D2	0.0	mmu-mir-467e-5p	6128	no	D2H	9.02828795937	D2H	High Dox	Day 02	
D21PG2r2DoxMinus	0.0	mmu-mir-467e-5p	6128	no	D21Ø	8.22831799413	D21Ø	Low Dox	Day 21	
D21PG2r2DoxPlus	0.0	mmu-mir-467e-5p	6128	no	D21L	1.23329368167	D21L	Low Dox	Day 21	
D5	0.0	mmu-mir-467e-5p	6128	no	D5H	8.41631704264	D5H	High Dox	Day 05	
D8	0.0	mmu-mir-467e-5p	6128	no	D8H	8.77310418969	D8H	High Dox	Day 08	
IPS1o	0.0	mmu-mir-467e-5p	6128	no	1⁰iPSC	9.78198386745	1⁰iPSC	1⁰iPSC	1⁰iPSC	
IPS2o	0.0	mmu-mir-467e-5p	6128	no	2⁰iPSC	8.72570084698	2⁰iPSC	2⁰iPSC	2⁰iPSC	
rtTA	0.0	mmu-mir-467e-5p	6128	no	ESC	10.2188674875	ESC	ESC	ESC	
D0	0.0	mmu-mir-466d-5p	6128	no	2°MEF	-2.58762105103	2°MEF	High Dox	Day 0	
D11	0.0	mmu-mir-466d-5p	6128	no	D11H	None	D11H	High Dox	Day 11	
D16	0.0	mmu-mir-466d-5p	6128	no	D16H	0.705877828727	D16H	High Dox	Day 16	
D16APG2r2	0.0	mmu-mir-466d-5p	6128	no	D16L	-0.904893452907	D16L	Low Dox	Day 16	
D18	0.0	mmu-mir-466d-5p	6128	no	D18H	-1.27486607863	D18H	High Dox	Day 18	
D2	0.0	mmu-mir-466d-5p	6128	no	D2H	-2.42103267107	D2H	High Dox	Day 02	
D21PG2r2DoxMinus	0.0	mmu-mir-466d-5p	6128	no	D21Ø	0.619656576123	D21Ø	Low Dox	Day 21	
D21PG2r2DoxPlus	0.0	mmu-mir-466d-5p	6128	no	D21L	-3.73633266882	D21L	Low Dox	Day 21	
D5	0.0	mmu-mir-466d-5p	6128	no	D5H	-1.77622236515	D5H	High Dox	Day 05	
D8	0.0	mmu-mir-466d-5p	6128	no	D8H	-1.83561266456	D8H	High Dox	Day 08	
IPS1o	0.0	mmu-mir-466d-5p	6128	no	1⁰iPSC	1.32508593925	1⁰iPSC	1⁰iPSC	1⁰iPSC	
IPS2o	0.0	mmu-mir-466d-5p	6128	no	2⁰iPSC	-1.2164470733	2⁰iPSC	2⁰iPSC	2⁰iPSC	
rtTA	0.0	mmu-mir-466d-5p	6128	no	ESC	0.866629282744	ESC	ESC	ESC	
D0	0.0	mmu-mir-466e-5p	6128	no	2°MEF	-0.0026585504549	2°MEF	High Dox	Day 0	
D11	0.0	mmu-mir-466e-5p	6128	no	D11H	-3.5468389466	D11H	High Dox	Day 11	
D16	0.0	mmu-mir-466e-5p	6128	no	D16H	1.90381720631	D16H	High Dox	Day 16	
D16APG2r2	0.0	mmu-mir-466e-5p	6128	no	D16L	2.09510654716	D16L	Low Dox	Day 16	
D18	0.0	mmu-mir-466e-5p	6128	no	D18H	1.98816832737	D18H	High Dox	Day 18	
D2	0.0	mmu-mir-466e-5p	6128	no	D2H	2.81418379084	D2H	High Dox	Day 02	
D21PG2r2DoxMinus	0.0	mmu-mir-466e-5p	6128	no	D21Ø	2.66928734387	D21Ø	Low Dox	Day 21	
D21PG2r2DoxPlus	0.0	mmu-mir-466e-5p	6128	no	D21L	-5.32129516762	D21L	Low Dox	Day 21	
D5	0.0	mmu-mir-466e-5p	6128	no	D5H	1.92421735284	D5H	High Dox	Day 05	
D8	0.0	mmu-mir-466e-5p	6128	no	D8H	0.1643873357	D8H	High Dox	Day 08	
IPS1o	0.0	mmu-mir-466e-5p	6128	no	1⁰iPSC	2.97909008442	1⁰iPSC	1⁰iPSC	1⁰iPSC	
IPS2o	0.0	mmu-mir-466e-5p	6128	no	2⁰iPSC	1.95347792803	2⁰iPSC	2⁰iPSC	2⁰iPSC	
rtTA	0.0	mmu-mir-466e-5p	6128	no	ESC	3.62465649244	ESC	ESC	ESC	
D0	0.0	mmu-mir-466a-3p	6128	no	2°MEF	8.36839202693	2°MEF	High Dox	Day 0	
D11	0.0	mmu-mir-466a-3p	6128	no	D11H	10.8290150295	D11H	High Dox	Day 11	
D16	0.0	mmu-mir-466a-3p	6128	no	D16H	11.295639113	D16H	High Dox	Day 16	
D16APG2r2	0.0	mmu-mir-466a-3p	6128	no	D16L	9.88828201093	D16L	Low Dox	Day 16	
D18	0.0	mmu-mir-466a-3p	6128	no	D18H	10.8352909405	D18H	High Dox	Day 18	
D2	0.0	mmu-mir-466a-3p	6128	no	D2H	11.6426713658	D2H	High Dox	Day 02	
D21PG2r2DoxMinus	0.0	mmu-mir-466a-3p	6128	no	D21Ø	10.860614822	D21Ø	Low Dox	Day 21	
D21PG2r2DoxPlus	0.0	mmu-mir-466a-3p	6128	no	D21L	11.535956909	D21L	Low Dox	Day 21	
D5	0.0	mmu-mir-466a-3p	6128	no	D5H	10.6935211899	D5H	High Dox	Day 05	
D8	0.0	mmu-mir-466a-3p	6128	no	D8H	10.8602137256	D8H	High Dox	Day 08	
IPS1o	0.0	mmu-mir-466a-3p	6128	no	1⁰iPSC	11.8043609695	1⁰iPSC	1⁰iPSC	1⁰iPSC	
IPS2o	0.0	mmu-mir-466a-3p	6128	no	2⁰iPSC	11.3026977146	2⁰iPSC	2⁰iPSC	2⁰iPSC	
rtTA	0.0	mmu-mir-466a-3p	6128	no	ESC	11.35239941	ESC	ESC	ESC	
D0	0.0	mmu-mir-669d-3p	6128	no	2°MEF	2.43474676188	2°MEF	High Dox	Day 0	
D11	0.0	mmu-mir-669d-3p	6128	no	D11H	4.91259267174	D11H	High Dox	Day 11	
D16	0.0	mmu-mir-669d-3p	6128	no	D16H	5.11826087454	D16H	High Dox	Day 16	
D16APG2r2	0.0	mmu-mir-669d-3p	6128	no	D16L	4.55108260716	D16L	Low Dox	Day 16	
D18	0.0	mmu-mir-669d-3p	6128	no	D18H	4.68397659677	D18H	High Dox	Day 18	
D2	0.0	mmu-mir-669d-3p	6128	no	D2H	5.07082042547	D2H	High Dox	Day 02	
D21PG2r2DoxMinus	0.0	mmu-mir-669d-3p	6128	no	D21Ø	5.16191462591	D21Ø	Low Dox	Day 21	
D21PG2r2DoxPlus	0.0	mmu-mir-669d-3p	6128	no	D21L	5.70937196626	D21L	Low Dox	Day 21	
D5	0.0	mmu-mir-669d-3p	6128	no	D5H	4.0916740987	D5H	High Dox	Day 05	
D8	0.0	mmu-mir-669d-3p	6128	no	D8H	4.60733083152	D8H	High Dox	Day 08	
IPS1o	0.0	mmu-mir-669d-3p	6128	no	1⁰iPSC	5.37204941824	1⁰iPSC	1⁰iPSC	1⁰iPSC	
IPS2o	0.0	mmu-mir-669d-3p	6128	no	2⁰iPSC	4.77223761335	2⁰iPSC	2⁰iPSC	2⁰iPSC	
rtTA	0.0	mmu-mir-669d-3p	6128	no	ESC	4.96899100038	ESC	ESC	ESC	
D0	0.0	mmu-mir-669i	6128	no	2°MEF	None	2°MEF	High Dox	Day 0	
D11	0.0	mmu-mir-669i	6128	no	D11H	-2.5468389466	D11H	High Dox	Day 11	
D16	0.0	mmu-mir-669i	6128	no	D16H	None	D16H	High Dox	Day 16	
D16APG2r2	0.0	mmu-mir-669i	6128	no	D16L	-0.567858465618	D16L	Low Dox	Day 16	
D18	0.0	mmu-mir-669i	6128	no	D18H	None	D18H	High Dox	Day 18	
D2	0.0	mmu-mir-669i	6128	no	D2H	None	D2H	High Dox	Day 02	
D21PG2r2DoxMinus	0.0	mmu-mir-669i	6128	no	D21Ø	-1.21684469146	D21Ø	Low Dox	Day 21	
D21PG2r2DoxPlus	0.0	mmu-mir-669i	6128	no	D21L	-1.7363326693	D21L	Low Dox	Day 21	
D5	0.0	mmu-mir-669i	6128	no	D5H	-3.09815046077	D5H	High Dox	Day 05	
D8	0.0	mmu-mir-669i	6128	no	D8H	-1.83561266456	D8H	High Dox	Day 08	
IPS1o	0.0	mmu-mir-669i	6128	no	1⁰iPSC	None	1⁰iPSC	1⁰iPSC	1⁰iPSC	
IPS2o	0.0	mmu-mir-669i	6128	no	2⁰iPSC	-1.2164470733	2⁰iPSC	2⁰iPSC	2⁰iPSC	
rtTA	0.0	mmu-mir-669i	6128	no	ESC	-3.22083355795	ESC	ESC	ESC	
D0	0.0	mmu-mir-669l-3p	6128	no	2°MEF	2.67916548954	2°MEF	High Dox	Day 0	
D11	0.0	mmu-mir-669l-3p	6128	no	D11H	4.97279730595	D11H	High Dox	Day 11	
D16	0.0	mmu-mir-669l-3p	6128	no	D16H	5.33609141053	D16H	High Dox	Day 16	
D16APG2r2	0.0	mmu-mir-669l-3p	6128	no	D16L	4.61039140053	D16L	Low Dox	Day 16	
D18	0.0	mmu-mir-669l-3p	6128	no	D18H	4.81259676278	D18H	High Dox	Day 18	
D2	0.0	mmu-mir-669l-3p	6128	no	D2H	5.18382938729	D2H	High Dox	Day 02	
D21PG2r2DoxMinus	0.0	mmu-mir-669l-3p	6128	no	D21Ø	5.33445158726	D21Ø	Low Dox	Day 21	
D21PG2r2DoxPlus	0.0	mmu-mir-669l-3p	6128	no	D21L	5.91412076562	D21L	Low Dox	Day 21	
D5	0.0	mmu-mir-669l-3p	6128	no	D5H	4.38968957364	D5H	High Dox	Day 05	
D8	0.0	mmu-mir-669l-3p	6128	no	D8H	4.73044137385	D8H	High Dox	Day 08	
IPS1o	0.0	mmu-mir-669l-3p	6128	no	1⁰iPSC	5.56629802535	1⁰iPSC	1⁰iPSC	1⁰iPSC	
IPS2o	0.0	mmu-mir-669l-3p	6128	no	2⁰iPSC	5.01717260334	2⁰iPSC	2⁰iPSC	2⁰iPSC	
rtTA	0.0	mmu-mir-669l-3p	6128	no	ESC	5.20961899317	ESC	ESC	ESC	
D0	0.0	mmu-mir-467b-3p	6128	no	2°MEF	0.804696371623	2°MEF	High Dox	Day 0	
D11	0.0	mmu-mir-467b-3p	6128	no	D11H	2.47552886614	D11H	High Dox	Day 11	
D16	0.0	mmu-mir-467b-3p	6128	no	D16H	3.01073241023	D16H	High Dox	Day 16	
D16APG2r2	0.0	mmu-mir-467b-3p	6128	no	D16L	3.5953718833	D16L	Low Dox	Day 16	
D18	0.0	mmu-mir-467b-3p	6128	no	D18H	2.63202451714	D18H	High Dox	Day 18	
D2	0.0	mmu-mir-467b-3p	6128	no	D2H	4.24667026086	D2H	High Dox	Day 02	
D21PG2r2DoxMinus	0.0	mmu-mir-467b-3p	6128	no	D21Ø	2.97015382323	D21Ø	Low Dox	Day 21	
D21PG2r2DoxPlus	0.0	mmu-mir-467b-3p	6128	no	D21L	3.99837695096	D21L	Low Dox	Day 21	
D5	0.0	mmu-mir-467b-3p	6128	no	D5H	3.50917985358	D5H	High Dox	Day 05	
D8	0.0	mmu-mir-467b-3p	6128	no	D8H	2.9457470492	D8H	High Dox	Day 08	
IPS1o	0.0	mmu-mir-467b-3p	6128	no	1⁰iPSC	3.91710319752	1⁰iPSC	1⁰iPSC	1⁰iPSC	
IPS2o	0.0	mmu-mir-467b-3p	6128	no	2⁰iPSC	2.76083285008	2⁰iPSC	2⁰iPSC	2⁰iPSC	
rtTA	0.0	mmu-mir-467b-3p	6128	no	ESC	1.47960615962	ESC	ESC	ESC	
D0	0.0	mmu-mir-669c-5p	6128	no	2°MEF	5.33719145245	2°MEF	High Dox	Day 0	
D11	0.0	mmu-mir-669c-5p	6128	no	D11H	4.7199475938	D11H	High Dox	Day 11	
D16	0.0	mmu-mir-669c-5p	6128	no	D16H	9.73248263463	D16H	High Dox	Day 16	
D16APG2r2	0.0	mmu-mir-669c-5p	6128	no	D16L	7.42743760121	D16L	Low Dox	Day 16	
D18	0.0	mmu-mir-669c-5p	6128	no	D18H	10.1225946476	D18H	High Dox	Day 18	
D2	0.0	mmu-mir-669c-5p	6128	no	D2H	6.92400289102	D2H	High Dox	Day 02	
D21PG2r2DoxMinus	0.0	mmu-mir-669c-5p	6128	no	D21Ø	8.01626135732	D21Ø	Low Dox	Day 21	
D21PG2r2DoxPlus	0.0	mmu-mir-669c-5p	6128	no	D21L	2.13813644866	D21L	Low Dox	Day 21	
D5	0.0	mmu-mir-669c-5p	6128	no	D5H	9.09090190201	D5H	High Dox	Day 05	
D8	0.0	mmu-mir-669c-5p	6128	no	D8H	6.63809308529	D8H	High Dox	Day 08	
IPS1o	0.0	mmu-mir-669c-5p	6128	no	1⁰iPSC	10.3781333704	1⁰iPSC	1⁰iPSC	1⁰iPSC	
IPS2o	0.0	mmu-mir-669c-5p	6128	no	2⁰iPSC	10.4268454535	2⁰iPSC	2⁰iPSC	2⁰iPSC	
rtTA	0.0	mmu-mir-669c-5p	6128	no	ESC	9.51725870112	ESC	ESC	ESC	
D0	0.0	mmu-mir-466p-3p	6128	no	2°MEF	8.45847979387	2°MEF	High Dox	Day 0	
D11	0.0	mmu-mir-466p-3p	6128	no	D11H	10.9075246136	D11H	High Dox	Day 11	
D16	0.0	mmu-mir-466p-3p	6128	no	D16H	11.3410624474	D16H	High Dox	Day 16	
D16APG2r2	0.0	mmu-mir-466p-3p	6128	no	D16L	9.94771818653	D16L	Low Dox	Day 16	
D18	0.0	mmu-mir-466p-3p	6128	no	D18H	10.9204446054	D18H	High Dox	Day 18	
D2	0.0	mmu-mir-466p-3p	6128	no	D2H	11.7252973391	D2H	High Dox	Day 02	
D21PG2r2DoxMinus	0.0	mmu-mir-466p-3p	6128	no	D21Ø	10.9106660715	D21Ø	Low Dox	Day 21	
D21PG2r2DoxPlus	0.0	mmu-mir-466p-3p	6128	no	D21L	11.6169060681	D21L	Low Dox	Day 21	
D5	0.0	mmu-mir-466p-3p	6128	no	D5H	10.7827244339	D5H	High Dox	Day 05	
D8	0.0	mmu-mir-466p-3p	6128	no	D8H	10.9387626085	D8H	High Dox	Day 08	
IPS1o	0.0	mmu-mir-466p-3p	6128	no	1⁰iPSC	11.8930140617	1⁰iPSC	1⁰iPSC	1⁰iPSC	
IPS2o	0.0	mmu-mir-466p-3p	6128	no	2⁰iPSC	11.3820707372	2⁰iPSC	2⁰iPSC	2⁰iPSC	
rtTA	0.0	mmu-mir-466p-3p	6128	no	ESC	11.4309469223	ESC	ESC	ESC	
D0	0.0	mmu-mir-669h-3p	6128	no	2°MEF	None	2°MEF	High Dox	Day 0	
D11	0.0	mmu-mir-669h-3p	6128	no	D11H	-1.54683894702	D11H	High Dox	Day 11	
D16	0.0	mmu-mir-669h-3p	6128	no	D16H	None	D16H	High Dox	Day 16	
D16APG2r2	0.0	mmu-mir-669h-3p	6128	no	D16L	-2.34546604395	D16L	Low Dox	Day 16	
D18	0.0	mmu-mir-669h-3p	6128	no	D18H	-3.59679417317	D18H	High Dox	Day 18	
D2	0.0	mmu-mir-669h-3p	6128	no	D2H	-2.42103267107	D2H	High Dox	Day 02	
D21PG2r2DoxMinus	0.0	mmu-mir-669h-3p	6128	no	D21Ø	-2.43923711324	D21Ø	Low Dox	Day 21	
D21PG2r2DoxPlus	0.0	mmu-mir-669h-3p	6128	no	D21L	0.263667330699	D21L	Low Dox	Day 21	
D5	0.0	mmu-mir-669h-3p	6128	no	D5H	-3.09815046077	D5H	High Dox	Day 05	
D8	0.0	mmu-mir-669h-3p	6128	no	D8H	-3.83561266404	D8H	High Dox	Day 08	
IPS1o	0.0	mmu-mir-669h-3p	6128	no	1⁰iPSC	None	1⁰iPSC	1⁰iPSC	1⁰iPSC	
IPS2o	0.0	mmu-mir-669h-3p	6128	no	2⁰iPSC	-3.21644707363	2⁰iPSC	2⁰iPSC	2⁰iPSC	
rtTA	0.0	mmu-mir-669h-3p	6128	no	ESC	None	ESC	ESC	ESC	
D0	0.0	mmu-mir-466h-3p	6128	no	2°MEF	None	2°MEF	High Dox	Day 0	
D11	0.0	mmu-mir-466h-3p	6128	no	D11H	-0.546838946811	D11H	High Dox	Day 11	
D16	0.0	mmu-mir-466h-3p	6128	no	D16H	-0.381585012545	D16H	High Dox	Day 16	
D16APG2r2	0.0	mmu-mir-466h-3p	6128	no	D16L	-1.98289596497	D16L	Low Dox	Day 16	
D18	0.0	mmu-mir-466h-3p	6128	no	D18H	-0.426869171921	D18H	High Dox	Day 18	
D2	0.0	mmu-mir-466h-3p	6128	no	D2H	-1.42103267069	D2H	High Dox	Day 02	
D21PG2r2DoxMinus	0.0	mmu-mir-466h-3p	6128	no	D21Ø	-0.936736772346	D21Ø	Low Dox	Day 21	
D21PG2r2DoxPlus	0.0	mmu-mir-466h-3p	6128	no	D21L	0.945491370679	D21L	Low Dox	Day 21	
D5	0.0	mmu-mir-466h-3p	6128	no	D5H	-1.29079553819	D5H	High Dox	Day 05	
D8	0.0	mmu-mir-466h-3p	6128	no	D8H	-0.250650163665	D8H	High Dox	Day 08	
IPS1o	0.0	mmu-mir-466h-3p	6128	no	1⁰iPSC	0.485550611483	1⁰iPSC	1⁰iPSC	1⁰iPSC	
IPS2o	0.0	mmu-mir-466h-3p	6128	no	2⁰iPSC	1.95347792803	2⁰iPSC	2⁰iPSC	2⁰iPSC	
rtTA	0.0	mmu-mir-466h-3p	6128	no	ESC	2.88769089828	ESC	ESC	ESC	
D0	0.0	mmu-mir-467b-5p	6128	no	2°MEF	6.78415559318	2°MEF	High Dox	Day 0	
D11	0.0	mmu-mir-467b-5p	6128	no	D11H	8.07338087861	D11H	High Dox	Day 11	
D16	0.0	mmu-mir-467b-5p	6128	no	D16H	9.05746666805	D16H	High Dox	Day 16	
D16APG2r2	0.0	mmu-mir-467b-5p	6128	no	D16L	7.71136517837	D16L	Low Dox	Day 16	
D18	0.0	mmu-mir-467b-5p	6128	no	D18H	7.46322618115	D18H	High Dox	Day 18	
D2	0.0	mmu-mir-467b-5p	6128	no	D2H	8.86802559607	D2H	High Dox	Day 02	
D21PG2r2DoxMinus	0.0	mmu-mir-467b-5p	6128	no	D21Ø	8.23186161284	D21Ø	Low Dox	Day 21	
D21PG2r2DoxPlus	0.0	mmu-mir-467b-5p	6128	no	D21L	7.95584690705	D21L	Low Dox	Day 21	
D5	0.0	mmu-mir-467b-5p	6128	no	D5H	8.29201849602	D5H	High Dox	Day 05	
D8	0.0	mmu-mir-467b-5p	6128	no	D8H	7.61043674239	D8H	High Dox	Day 08	
IPS1o	0.0	mmu-mir-467b-5p	6128	no	1⁰iPSC	8.85003089116	1⁰iPSC	1⁰iPSC	1⁰iPSC	
IPS2o	0.0	mmu-mir-467b-5p	6128	no	2⁰iPSC	8.40971824649	2⁰iPSC	2⁰iPSC	2⁰iPSC	
rtTA	0.0	mmu-mir-467b-5p	6128	no	ESC	8.25185728075	ESC	ESC	ESC	
D0	0.0	mmu-mir-669e-3p	6128	no	2°MEF	0.41237894886	2°MEF	High Dox	Day 0	
D11	0.0	mmu-mir-669e-3p	6128	no	D11H	2.09701724287	D11H	High Dox	Day 11	
D16	0.0	mmu-mir-669e-3p	6128	no	D16H	3.07784660609	D16H	High Dox	Day 16	
D16APG2r2	0.0	mmu-mir-669e-3p	6128	no	D16L	2.76604227099	D16L	Low Dox	Day 16	
D18	0.0	mmu-mir-669e-3p	6128	no	D18H	2.68860804549	D18H	High Dox	Day 18	
D2	0.0	mmu-mir-669e-3p	6128	no	D2H	4.48585792474	D2H	High Dox	Day 02	
D21PG2r2DoxMinus	0.0	mmu-mir-669e-3p	6128	no	D21Ø	3.64468537064	D21Ø	Low Dox	Day 21	
D21PG2r2DoxPlus	0.0	mmu-mir-669e-3p	6128	no	D21L	4.35466186295	D21L	Low Dox	Day 21	
D5	0.0	mmu-mir-669e-3p	6128	no	D5H	1.75983053495	D5H	High Dox	Day 05	
D8	0.0	mmu-mir-669e-3p	6128	no	D8H	2.68794929172	D8H	High Dox	Day 08	
IPS1o	0.0	mmu-mir-669e-3p	6128	no	1⁰iPSC	3.96554355258	1⁰iPSC	1⁰iPSC	1⁰iPSC	
IPS2o	0.0	mmu-mir-669e-3p	6128	no	2⁰iPSC	2.48399264472	2⁰iPSC	2⁰iPSC	2⁰iPSC	
rtTA	0.0	mmu-mir-669e-3p	6128	no	ESC	2.70990377906	ESC	ESC	ESC	
D0	0.0	mmu-mir-297c-3p	6128	no	2°MEF	8.53294084529	2°MEF	High Dox	Day 0	
D11	0.0	mmu-mir-297c-3p	6128	no	D11H	9.0063103287	D11H	High Dox	Day 11	
D16	0.0	mmu-mir-297c-3p	6128	no	D16H	9.71001565935	D16H	High Dox	Day 16	
D16APG2r2	0.0	mmu-mir-297c-3p	6128	no	D16L	8.17655494499	D16L	Low Dox	Day 16	
D18	0.0	mmu-mir-297c-3p	6128	no	D18H	9.26816574178	D18H	High Dox	Day 18	
D2	0.0	mmu-mir-297c-3p	6128	no	D2H	11.0442361176	D2H	High Dox	Day 02	
D21PG2r2DoxMinus	0.0	mmu-mir-297c-3p	6128	no	D21Ø	8.84056689779	D21Ø	Low Dox	Day 21	
D21PG2r2DoxPlus	0.0	mmu-mir-297c-3p	6128	no	D21L	9.62579380504	D21L	Low Dox	Day 21	
D5	0.0	mmu-mir-297c-3p	6128	no	D5H	10.0019369199	D5H	High Dox	Day 05	
D8	0.0	mmu-mir-297c-3p	6128	no	D8H	10.0523694687	D8H	High Dox	Day 08	
IPS1o	0.0	mmu-mir-297c-3p	6128	no	1⁰iPSC	10.4010369175	1⁰iPSC	1⁰iPSC	1⁰iPSC	
IPS2o	0.0	mmu-mir-297c-3p	6128	no	2⁰iPSC	9.68328746894	2⁰iPSC	2⁰iPSC	2⁰iPSC	
rtTA	0.0	mmu-mir-297c-3p	6128	no	ESC	10.3489034023	ESC	ESC	ESC	
D0	0.0	mmu-mir-297b-3p	6128	no	2°MEF	8.53423619446	2°MEF	High Dox	Day 0	
D11	0.0	mmu-mir-297b-3p	6128	no	D11H	9.00727020568	D11H	High Dox	Day 11	
D16	0.0	mmu-mir-297b-3p	6128	no	D16H	9.71034617368	D16H	High Dox	Day 16	
D16APG2r2	0.0	mmu-mir-297b-3p	6128	no	D16L	8.17669510092	D16L	Low Dox	Day 16	
D18	0.0	mmu-mir-297b-3p	6128	no	D18H	9.26990520952	D18H	High Dox	Day 18	
D2	0.0	mmu-mir-297b-3p	6128	no	D2H	11.0438533779	D2H	High Dox	Day 02	
D21PG2r2DoxMinus	0.0	mmu-mir-297b-3p	6128	no	D21Ø	8.84037346814	D21Ø	Low Dox	Day 21	
D21PG2r2DoxPlus	0.0	mmu-mir-297b-3p	6128	no	D21L	9.62570245765	D21L	Low Dox	Day 21	
D5	0.0	mmu-mir-297b-3p	6128	no	D5H	10.0019369199	D5H	High Dox	Day 05	
D8	0.0	mmu-mir-297b-3p	6128	no	D8H	10.0525597853	D8H	High Dox	Day 08	
IPS1o	0.0	mmu-mir-297b-3p	6128	no	1⁰iPSC	10.4010369175	1⁰iPSC	1⁰iPSC	1⁰iPSC	
IPS2o	0.0	mmu-mir-297b-3p	6128	no	2⁰iPSC	9.68196536827	2⁰iPSC	2⁰iPSC	2⁰iPSC	
rtTA	0.0	mmu-mir-297b-3p	6128	no	ESC	10.3491406876	ESC	ESC	ESC	
D0	0.0	mmu-mir-669j	6128	no	2°MEF	None	2°MEF	High Dox	Day 0	
D11	0.0	mmu-mir-669j	6128	no	D11H	None	D11H	High Dox	Day 11	
D16	0.0	mmu-mir-669j	6128	no	D16H	None	D16H	High Dox	Day 16	
D16APG2r2	0.0	mmu-mir-669j	6128	no	D16L	-5.15282096527	D16L	Low Dox	Day 16	
D18	0.0	mmu-mir-669j	6128	no	D18H	None	D18H	High Dox	Day 18	
D2	0.0	mmu-mir-669j	6128	no	D2H	None	D2H	High Dox	Day 02	
D21PG2r2DoxMinus	0.0	mmu-mir-669j	6128	no	D21Ø	-1.854274612	D21Ø	Low Dox	Day 21	
D21PG2r2DoxPlus	0.0	mmu-mir-669j	6128	no	D21L	-4.3212951705	D21L	Low Dox	Day 21	
D5	0.0	mmu-mir-669j	6128	no	D5H	None	D5H	High Dox	Day 05	
D8	0.0	mmu-mir-669j	6128	no	D8H	-2.83561266404	D8H	High Dox	Day 08	
IPS1o	0.0	mmu-mir-669j	6128	no	1⁰iPSC	None	1⁰iPSC	1⁰iPSC	1⁰iPSC	
IPS2o	0.0	mmu-mir-669j	6128	no	2⁰iPSC	None	2⁰iPSC	2⁰iPSC	2⁰iPSC	
rtTA	0.0	mmu-mir-669j	6128	no	ESC	None	ESC	ESC	ESC	
D0	0.0	mmu-mir-466m-3p	6128	no	2°MEF	2.76993095346	2°MEF	High Dox	Day 0	
D11	0.0	mmu-mir-466m-3p	6128	no	D11H	5.36904043194	D11H	High Dox	Day 11	
D16	0.0	mmu-mir-466m-3p	6128	no	D16H	5.72432349603	D16H	High Dox	Day 16	
D16APG2r2	0.0	mmu-mir-466m-3p	6128	no	D16L	4.17135958033	D16L	Low Dox	Day 16	
D18	0.0	mmu-mir-466m-3p	6128	no	D18H	5.447599946	D18H	High Dox	Day 18	
D2	0.0	mmu-mir-466m-3p	6128	no	D2H	6.64864085694	D2H	High Dox	Day 02	
D21PG2r2DoxMinus	0.0	mmu-mir-466m-3p	6128	no	D21Ø	5.20341632978	D21Ø	Low Dox	Day 21	
D21PG2r2DoxPlus	0.0	mmu-mir-466m-3p	6128	no	D21L	6.67128917402	D21L	Low Dox	Day 21	
D5	0.0	mmu-mir-466m-3p	6128	no	D5H	5.69626540617	D5H	High Dox	Day 05	
D8	0.0	mmu-mir-466m-3p	6128	no	D8H	5.90247959529	D8H	High Dox	Day 08	
IPS1o	0.0	mmu-mir-466m-3p	6128	no	1⁰iPSC	6.3746142101	1⁰iPSC	1⁰iPSC	1⁰iPSC	
IPS2o	0.0	mmu-mir-466m-3p	6128	no	2⁰iPSC	5.67229617548	2⁰iPSC	2⁰iPSC	2⁰iPSC	
rtTA	0.0	mmu-mir-466m-3p	6128	no	ESC	6.2508416559	ESC	ESC	ESC	
D0	0.0	mmu-mir-669g	6128	no	2°MEF	-1.58762105103	2°MEF	High Dox	Day 0	
D11	0.0	mmu-mir-669g	6128	no	D11H	2.00774990479	D11H	High Dox	Day 11	
D16	0.0	mmu-mir-669g	6128	no	D16H	1.7883399889	D16H	High Dox	Day 16	
D16APG2r2	0.0	mmu-mir-669g	6128	no	D16L	4.96222268388	D16L	Low Dox	Day 16	
D18	0.0	mmu-mir-669g	6128	no	D18H	2.59303038552	D18H	High Dox	Day 18	
D2	0.0	mmu-mir-669g	6128	no	D2H	2.62336144849	D2H	High Dox	Day 02	
D21PG2r2DoxMinus	0.0	mmu-mir-669g	6128	no	D21Ø	4.78154425852	D21Ø	Low Dox	Day 21	
D21PG2r2DoxPlus	0.0	mmu-mir-669g	6128	no	D21L	3.88082865384	D21L	Low Dox	Day 21	
D5	0.0	mmu-mir-669g	6128	no	D5H	2.07177454125	D5H	High Dox	Day 05	
D8	0.0	mmu-mir-669g	6128	no	D8H	1.37384070131	D8H	High Dox	Day 08	
IPS1o	0.0	mmu-mir-669g	6128	no	1⁰iPSC	3.36690611497	1⁰iPSC	1⁰iPSC	1⁰iPSC	
IPS2o	0.0	mmu-mir-669g	6128	no	2⁰iPSC	2.93330004608	2⁰iPSC	2⁰iPSC	2⁰iPSC	
rtTA	0.0	mmu-mir-669g	6128	no	ESC	2.56052615503	ESC	ESC	ESC	
D0	0.0	mmu-mir-466e-3p	6128	no	2°MEF	8.46052520306	2°MEF	High Dox	Day 0	
D11	0.0	mmu-mir-466e-3p	6128	no	D11H	10.9084240494	D11H	High Dox	Day 11	
D16	0.0	mmu-mir-466e-3p	6128	no	D16H	11.3418626259	D16H	High Dox	Day 16	
D16APG2r2	0.0	mmu-mir-466e-3p	6128	no	D16L	9.9505078272	D16L	Low Dox	Day 16	
D18	0.0	mmu-mir-466e-3p	6128	no	D18H	10.9208752148	D18H	High Dox	Day 18	
D2	0.0	mmu-mir-466e-3p	6128	no	D2H	11.7262517655	D2H	High Dox	Day 02	
D21PG2r2DoxMinus	0.0	mmu-mir-466e-3p	6128	no	D21Ø	10.9131971968	D21Ø	Low Dox	Day 21	
D21PG2r2DoxPlus	0.0	mmu-mir-466e-3p	6128	no	D21L	11.6188578129	D21L	Low Dox	Day 21	
D5	0.0	mmu-mir-466e-3p	6128	no	D5H	10.784779113	D5H	High Dox	Day 05	
D8	0.0	mmu-mir-466e-3p	6128	no	D8H	10.9405633086	D8H	High Dox	Day 08	
IPS1o	0.0	mmu-mir-466e-3p	6128	no	1⁰iPSC	11.8939082884	1⁰iPSC	1⁰iPSC	1⁰iPSC	
IPS2o	0.0	mmu-mir-466e-3p	6128	no	2⁰iPSC	11.3830009081	2⁰iPSC	2⁰iPSC	2⁰iPSC	
rtTA	0.0	mmu-mir-466e-3p	6128	no	ESC	11.4310590111	ESC	ESC	ESC	
D0	0.0	mmu-mir-669d-5p	6128	no	2°MEF	5.2765650935	2°MEF	High Dox	Day 0	
D11	0.0	mmu-mir-669d-5p	6128	no	D11H	5.36005164871	D11H	High Dox	Day 11	
D16	0.0	mmu-mir-669d-5p	6128	no	D16H	6.65733397675	D16H	High Dox	Day 16	
D16APG2r2	0.0	mmu-mir-669d-5p	6128	no	D16L	7.8069998933	D16L	Low Dox	Day 16	
D18	0.0	mmu-mir-669d-5p	6128	no	D18H	6.98628859414	D18H	High Dox	Day 18	
D2	0.0	mmu-mir-669d-5p	6128	no	D2H	6.17764020989	D2H	High Dox	Day 02	
D21PG2r2DoxMinus	0.0	mmu-mir-669d-5p	6128	no	D21Ø	8.39404832267	D21Ø	Low Dox	Day 21	
D21PG2r2DoxPlus	0.0	mmu-mir-669d-5p	6128	no	D21L	4.71625178398	D21L	Low Dox	Day 21	
D5	0.0	mmu-mir-669d-5p	6128	no	D5H	5.74890688591	D5H	High Dox	Day 05	
D8	0.0	mmu-mir-669d-5p	6128	no	D8H	6.56526677196	D8H	High Dox	Day 08	
IPS1o	0.0	mmu-mir-669d-5p	6128	no	1⁰iPSC	7.40190153632	1⁰iPSC	1⁰iPSC	1⁰iPSC	
IPS2o	0.0	mmu-mir-669d-5p	6128	no	2⁰iPSC	7.15424033339	2⁰iPSC	2⁰iPSC	2⁰iPSC	
rtTA	0.0	mmu-mir-669d-5p	6128	no	ESC	8.82014104032	ESC	ESC	ESC	
D0	0.0	mmu-mir-467c-3p	6128	no	2°MEF	3.33124218612	2°MEF	High Dox	Day 0	
D11	0.0	mmu-mir-467c-3p	6128	no	D11H	4.79745696102	D11H	High Dox	Day 11	
D16	0.0	mmu-mir-467c-3p	6128	no	D16H	5.89686444568	D16H	High Dox	Day 16	
D16APG2r2	0.0	mmu-mir-467c-3p	6128	no	D16L	6.36534038947	D16L	Low Dox	Day 16	
D18	0.0	mmu-mir-467c-3p	6128	no	D18H	5.0215913289	D18H	High Dox	Day 18	
D2	0.0	mmu-mir-467c-3p	6128	no	D2H	6.64146325487	D2H	High Dox	Day 02	
D21PG2r2DoxMinus	0.0	mmu-mir-467c-3p	6128	no	D21Ø	6.5752483679	D21Ø	Low Dox	Day 21	
D21PG2r2DoxPlus	0.0	mmu-mir-467c-3p	6128	no	D21L	7.10050669048	D21L	Low Dox	Day 21	
D5	0.0	mmu-mir-467c-3p	6128	no	D5H	5.4564383915	D5H	High Dox	Day 05	
D8	0.0	mmu-mir-467c-3p	6128	no	D8H	5.4288299359	D8H	High Dox	Day 08	
IPS1o	0.0	mmu-mir-467c-3p	6128	no	1⁰iPSC	6.63529773097	1⁰iPSC	1⁰iPSC	1⁰iPSC	
IPS2o	0.0	mmu-mir-467c-3p	6128	no	2⁰iPSC	5.54510415903	2⁰iPSC	2⁰iPSC	2⁰iPSC	
rtTA	0.0	mmu-mir-467c-3p	6128	no	ESC	6.0714880743	ESC	ESC	ESC	
D0	0.0	mmu-mir-466d-3p	6128	no	2°MEF	5.51566675726	2°MEF	High Dox	Day 0	
D11	0.0	mmu-mir-466d-3p	6128	no	D11H	7.01444899827	D11H	High Dox	Day 11	
D16	0.0	mmu-mir-466d-3p	6128	no	D16H	7.52154366427	D16H	High Dox	Day 16	
D16APG2r2	0.0	mmu-mir-466d-3p	6128	no	D16L	6.80681879808	D16L	Low Dox	Day 16	
D18	0.0	mmu-mir-466d-3p	6128	no	D18H	6.80194951858	D18H	High Dox	Day 18	
D2	0.0	mmu-mir-466d-3p	6128	no	D2H	8.01220500723	D2H	High Dox	Day 02	
D21PG2r2DoxMinus	0.0	mmu-mir-466d-3p	6128	no	D21Ø	7.74501838249	D21Ø	Low Dox	Day 21	
D21PG2r2DoxPlus	0.0	mmu-mir-466d-3p	6128	no	D21L	8.26319762699	D21L	Low Dox	Day 21	
D5	0.0	mmu-mir-466d-3p	6128	no	D5H	6.66672113056	D5H	High Dox	Day 05	
D8	0.0	mmu-mir-466d-3p	6128	no	D8H	6.85525834497	D8H	High Dox	Day 08	
IPS1o	0.0	mmu-mir-466d-3p	6128	no	1⁰iPSC	8.14639098087	1⁰iPSC	1⁰iPSC	1⁰iPSC	
IPS2o	0.0	mmu-mir-466d-3p	6128	no	2⁰iPSC	7.20351310443	2⁰iPSC	2⁰iPSC	2⁰iPSC	
rtTA	0.0	mmu-mir-466d-3p	6128	no	ESC	7.7478332347	ESC	ESC	ESC	
D0	0.0	mmu-mir-669o-5p	6128	no	2°MEF	5.95734338163	2°MEF	High Dox	Day 0	
D11	0.0	mmu-mir-669o-5p	6128	no	D11H	6.81510482684	D11H	High Dox	Day 11	
D16	0.0	mmu-mir-669o-5p	6128	no	D16H	8.05356432583	D16H	High Dox	Day 16	
D16APG2r2	0.0	mmu-mir-669o-5p	6128	no	D16L	7.92014900226	D16L	Low Dox	Day 16	
D18	0.0	mmu-mir-669o-5p	6128	no	D18H	8.24122788495	D18H	High Dox	Day 18	
D2	0.0	mmu-mir-669o-5p	6128	no	D2H	7.57896732913	D2H	High Dox	Day 02	
D21PG2r2DoxMinus	0.0	mmu-mir-669o-5p	6128	no	D21Ø	8.5170180281	D21Ø	Low Dox	Day 21	
D21PG2r2DoxPlus	0.0	mmu-mir-669o-5p	6128	no	D21L	7.07236342147	D21L	Low Dox	Day 21	
D5	0.0	mmu-mir-669o-5p	6128	no	D5H	7.57250578894	D5H	High Dox	Day 05	
D8	0.0	mmu-mir-669o-5p	6128	no	D8H	7.93835070411	D8H	High Dox	Day 08	
IPS1o	0.0	mmu-mir-669o-5p	6128	no	1⁰iPSC	8.78548160408	1⁰iPSC	1⁰iPSC	1⁰iPSC	
IPS2o	0.0	mmu-mir-669o-5p	6128	no	2⁰iPSC	9.00181342538	2⁰iPSC	2⁰iPSC	2⁰iPSC	
rtTA	0.0	mmu-mir-669o-5p	6128	no	ESC	10.1730931171	ESC	ESC	ESC	
D0	0.0	mmu-mir-669l-5p	6128	no	2°MEF	7.25865286019	2°MEF	High Dox	Day 0	
D11	0.0	mmu-mir-669l-5p	6128	no	D11H	8.0177869159	D11H	High Dox	Day 11	
D16	0.0	mmu-mir-669l-5p	6128	no	D16H	9.07938275003	D16H	High Dox	Day 16	
D16APG2r2	0.0	mmu-mir-669l-5p	6128	no	D16L	8.88618373191	D16L	Low Dox	Day 16	
D18	0.0	mmu-mir-669l-5p	6128	no	D18H	9.10710940009	D18H	High Dox	Day 18	
D2	0.0	mmu-mir-669l-5p	6128	no	D2H	8.79267912724	D2H	High Dox	Day 02	
D21PG2r2DoxMinus	0.0	mmu-mir-669l-5p	6128	no	D21Ø	9.04104820803	D21Ø	Low Dox	Day 21	
D21PG2r2DoxPlus	0.0	mmu-mir-669l-5p	6128	no	D21L	7.99668265242	D21L	Low Dox	Day 21	
D5	0.0	mmu-mir-669l-5p	6128	no	D5H	8.54322396412	D5H	High Dox	Day 05	
D8	0.0	mmu-mir-669l-5p	6128	no	D8H	9.15182900861	D8H	High Dox	Day 08	
IPS1o	0.0	mmu-mir-669l-5p	6128	no	1⁰iPSC	9.42466581236	1⁰iPSC	1⁰iPSC	1⁰iPSC	
IPS2o	0.0	mmu-mir-669l-5p	6128	no	2⁰iPSC	9.53864913689	2⁰iPSC	2⁰iPSC	2⁰iPSC	
rtTA	0.0	mmu-mir-669l-5p	6128	no	ESC	10.9262123304	ESC	ESC	ESC	
D0	0.0	mmu-mir-669b-5p	6128	no	2°MEF	7.56846202513	2°MEF	High Dox	Day 0	
D11	0.0	mmu-mir-669b-5p	6128	no	D11H	9.2406555528	D11H	High Dox	Day 11	
D16	0.0	mmu-mir-669b-5p	6128	no	D16H	10.2300161942	D16H	High Dox	Day 16	
D16APG2r2	0.0	mmu-mir-669b-5p	6128	no	D16L	9.87192914038	D16L	Low Dox	Day 16	
D18	0.0	mmu-mir-669b-5p	6128	no	D18H	10.4119845749	D18H	High Dox	Day 18	
D2	0.0	mmu-mir-669b-5p	6128	no	D2H	10.089978682	D2H	High Dox	Day 02	
D21PG2r2DoxMinus	0.0	mmu-mir-669b-5p	6128	no	D21Ø	10.3335585541	D21Ø	Low Dox	Day 21	
D21PG2r2DoxPlus	0.0	mmu-mir-669b-5p	6128	no	D21L	9.75364069385	D21L	Low Dox	Day 21	
D5	0.0	mmu-mir-669b-5p	6128	no	D5H	9.59544539229	D5H	High Dox	Day 05	
D8	0.0	mmu-mir-669b-5p	6128	no	D8H	10.2330816555	D8H	High Dox	Day 08	
IPS1o	0.0	mmu-mir-669b-5p	6128	no	1⁰iPSC	10.8925387782	1⁰iPSC	1⁰iPSC	1⁰iPSC	
IPS2o	0.0	mmu-mir-669b-5p	6128	no	2⁰iPSC	11.0253126855	2⁰iPSC	2⁰iPSC	2⁰iPSC	
rtTA	0.0	mmu-mir-669b-5p	6128	no	ESC	12.2947430936	ESC	ESC	ESC	
D0	0.0	mmu-mir-466n-3p	6128	no	2°MEF	3.02708879296	2°MEF	High Dox	Day 0	
D11	0.0	mmu-mir-466n-3p	6128	no	D11H	5.25082257896	D11H	High Dox	Day 11	
D16	0.0	mmu-mir-466n-3p	6128	no	D16H	5.3153825137	D16H	High Dox	Day 16	
D16APG2r2	0.0	mmu-mir-466n-3p	6128	no	D16L	5.52753855723	D16L	Low Dox	Day 16	
D18	0.0	mmu-mir-466n-3p	6128	no	D18H	5.22338478906	D18H	High Dox	Day 18	
D2	0.0	mmu-mir-466n-3p	6128	no	D2H	6.38953896387	D2H	High Dox	Day 02	
D21PG2r2DoxMinus	0.0	mmu-mir-466n-3p	6128	no	D21Ø	6.36220181001	D21Ø	Low Dox	Day 21	
D21PG2r2DoxPlus	0.0	mmu-mir-466n-3p	6128	no	D21L	6.40790068915	D21L	Low Dox	Day 21	
D5	0.0	mmu-mir-466n-3p	6128	no	D5H	5.18262030995	D5H	High Dox	Day 05	
D8	0.0	mmu-mir-466n-3p	6128	no	D8H	4.89230779024	D8H	High Dox	Day 08	
IPS1o	0.0	mmu-mir-466n-3p	6128	no	1⁰iPSC	6.57969776602	1⁰iPSC	1⁰iPSC	1⁰iPSC	
IPS2o	0.0	mmu-mir-466n-3p	6128	no	2⁰iPSC	5.3457953508	2⁰iPSC	2⁰iPSC	2⁰iPSC	
rtTA	0.0	mmu-mir-466n-3p	6128	no	ESC	5.62151678492	ESC	ESC	ESC	
D0	0.0	mmu-mir-669a-3-3p	6128	no	2°MEF	1.99734144958	2°MEF	High Dox	Day 0	
D11	0.0	mmu-mir-669a-3-3p	6128	no	D11H	1.77508914799	D11H	High Dox	Day 11	
D16	0.0	mmu-mir-669a-3-3p	6128	no	D16H	2.4763959826	D16H	High Dox	Day 16	
D16APG2r2	0.0	mmu-mir-669a-3-3p	6128	no	D16L	4.56827822242	D16L	Low Dox	Day 16	
D18	0.0	mmu-mir-669a-3-3p	6128	no	D18H	1.82947058133	D18H	High Dox	Day 18	
D2	0.0	mmu-mir-669a-3-3p	6128	no	D2H	3.77536454193	D2H	High Dox	Day 02	
D21PG2r2DoxMinus	0.0	mmu-mir-669a-3-3p	6128	no	D21Ø	4.99539111473	D21Ø	Low Dox	Day 21	
D21PG2r2DoxPlus	0.0	mmu-mir-669a-3-3p	6128	no	D21L	5.82017338541	D21L	Low Dox	Day 21	
D5	0.0	mmu-mir-669a-3-3p	6128	no	D5H	1.68320925336	D5H	High Dox	Day 05	
D8	0.0	mmu-mir-669a-3-3p	6128	no	D8H	2.87863285335	D8H	High Dox	Day 08	
IPS1o	0.0	mmu-mir-669a-3-3p	6128	no	1⁰iPSC	3.87424771856	1⁰iPSC	1⁰iPSC	1⁰iPSC	
IPS2o	0.0	mmu-mir-669a-3-3p	6128	no	2⁰iPSC	2.36851542731	2⁰iPSC	2⁰iPSC	2⁰iPSC	
rtTA	0.0	mmu-mir-669a-3-3p	6128	no	ESC	3.15420587284	ESC	ESC	ESC	
D0	0.0	mmu-mir-466g	6128	no	2°MEF	0.499841790066	2°MEF	High Dox	Day 0	
D11	0.0	mmu-mir-466g	6128	no	D11H	3.65283339794	D11H	High Dox	Day 11	
D16	0.0	mmu-mir-466g	6128	no	D16H	3.76816210696	D16H	High Dox	Day 16	
D16APG2r2	0.0	mmu-mir-466g	6128	no	D16L	2.24805847001	D16L	Low Dox	Day 16	
D18	0.0	mmu-mir-466g	6128	no	D18H	3.17139015142	D18H	High Dox	Day 18	
D2	0.0	mmu-mir-466g	6128	no	D2H	4.20832394922	D2H	High Dox	Day 02	
D21PG2r2DoxMinus	0.0	mmu-mir-466g	6128	no	D21Ø	2.52269484627	D21Ø	Low Dox	Day 21	
D21PG2r2DoxPlus	0.0	mmu-mir-466g	6128	no	D21L	3.57048853323	D21L	Low Dox	Day 21	
D5	0.0	mmu-mir-466g	6128	no	D5H	3.41754937811	D5H	High Dox	Day 05	
D8	0.0	mmu-mir-466g	6128	no	D8H	3.53942676702	D8H	High Dox	Day 08	
IPS1o	0.0	mmu-mir-466g	6128	no	1⁰iPSC	4.14451369362	1⁰iPSC	1⁰iPSC	1⁰iPSC	
IPS2o	0.0	mmu-mir-466g	6128	no	2⁰iPSC	3.55173725135	2⁰iPSC	2⁰iPSC	2⁰iPSC	
rtTA	0.0	mmu-mir-466g	6128	no	ESC	4.40121826096	ESC	ESC	ESC	
D0	0.0	mmu-mir-467d-3p	6128	no	2°MEF	8.89820825755	2°MEF	High Dox	Day 0	
D11	0.0	mmu-mir-467d-3p	6128	no	D11H	10.7455545888	D11H	High Dox	Day 11	
D16	0.0	mmu-mir-467d-3p	6128	no	D16H	11.6968577079	D16H	High Dox	Day 16	
D16APG2r2	0.0	mmu-mir-467d-3p	6128	no	D16L	9.67223718475	D16L	Low Dox	Day 16	
D18	0.0	mmu-mir-467d-3p	6128	no	D18H	10.9082730199	D18H	High Dox	Day 18	
D2	0.0	mmu-mir-467d-3p	6128	no	D2H	11.726940681	D2H	High Dox	Day 02	
D21PG2r2DoxMinus	0.0	mmu-mir-467d-3p	6128	no	D21Ø	9.92357428254	D21Ø	Low Dox	Day 21	
D21PG2r2DoxPlus	0.0	mmu-mir-467d-3p	6128	no	D21L	10.5350330863	D21L	Low Dox	Day 21	
D5	0.0	mmu-mir-467d-3p	6128	no	D5H	11.2617706433	D5H	High Dox	Day 05	
D8	0.0	mmu-mir-467d-3p	6128	no	D8H	11.362755636	D8H	High Dox	Day 08	
IPS1o	0.0	mmu-mir-467d-3p	6128	no	1⁰iPSC	11.1330563759	1⁰iPSC	1⁰iPSC	1⁰iPSC	
IPS2o	0.0	mmu-mir-467d-3p	6128	no	2⁰iPSC	10.8366303137	2⁰iPSC	2⁰iPSC	2⁰iPSC	
rtTA	0.0	mmu-mir-467d-3p	6128	no	ESC	10.9439162718	ESC	ESC	ESC	
D0	0.0	mmu-mir-669e-5p	6128	no	2°MEF	3.87998449893	2°MEF	High Dox	Day 0	
D11	0.0	mmu-mir-669e-5p	6128	no	D11H	7.20637780228	D11H	High Dox	Day 11	
D16	0.0	mmu-mir-669e-5p	6128	no	D16H	7.57115623465	D16H	High Dox	Day 16	
D16APG2r2	0.0	mmu-mir-669e-5p	6128	no	D16L	7.34826980399	D16L	Low Dox	Day 16	
D18	0.0	mmu-mir-669e-5p	6128	no	D18H	7.87030186055	D18H	High Dox	Day 18	
D2	0.0	mmu-mir-669e-5p	6128	no	D2H	6.07748415574	D2H	High Dox	Day 02	
D21PG2r2DoxMinus	0.0	mmu-mir-669e-5p	6128	no	D21Ø	7.9552255817	D21Ø	Low Dox	Day 21	
D21PG2r2DoxPlus	0.0	mmu-mir-669e-5p	6128	no	D21L	7.71470668293	D21L	Low Dox	Day 21	
D5	0.0	mmu-mir-669e-5p	6128	no	D5H	6.14859013831	D5H	High Dox	Day 05	
D8	0.0	mmu-mir-669e-5p	6128	no	D8H	6.42530686934	D8H	High Dox	Day 08	
IPS1o	0.0	mmu-mir-669e-5p	6128	no	1⁰iPSC	7.83101422081	1⁰iPSC	1⁰iPSC	1⁰iPSC	
IPS2o	0.0	mmu-mir-669e-5p	6128	no	2⁰iPSC	8.05209492688	2⁰iPSC	2⁰iPSC	2⁰iPSC	
rtTA	0.0	mmu-mir-669e-5p	6128	no	ESC	9.32967275767	ESC	ESC	ESC	
D0	0.0	mmu-mir-669k-5p	6128	no	2°MEF	None	2°MEF	High Dox	Day 0	
D11	0.0	mmu-mir-669k-5p	6128	no	D11H	-3.5468389466	D11H	High Dox	Day 11	
D16	0.0	mmu-mir-669k-5p	6128	no	D16H	-0.0596569175829	D16H	High Dox	Day 16	
D16APG2r2	0.0	mmu-mir-669k-5p	6128	no	D16L	-1.45238124831	D16L	Low Dox	Day 16	
D18	0.0	mmu-mir-669k-5p	6128	no	D18H	-1.01183167274	D18H	High Dox	Day 18	
D2	0.0	mmu-mir-669k-5p	6128	no	D2H	-1.42103267069	D2H	High Dox	Day 02	
D21PG2r2DoxMinus	0.0	mmu-mir-669k-5p	6128	no	D21Ø	-1.21684469146	D21Ø	Low Dox	Day 21	
D21PG2r2DoxPlus	0.0	mmu-mir-669k-5p	6128	no	D21L	None	D21L	Low Dox	Day 21	
D5	0.0	mmu-mir-669k-5p	6128	no	D5H	0.545705729643	D5H	High Dox	Day 05	
D8	0.0	mmu-mir-669k-5p	6128	no	D8H	0.687949291745	D8H	High Dox	Day 08	
IPS1o	0.0	mmu-mir-669k-5p	6128	no	1⁰iPSC	-0.76237690187	1⁰iPSC	1⁰iPSC	1⁰iPSC	
IPS2o	0.0	mmu-mir-669k-5p	6128	no	2⁰iPSC	-0.0465220720402	2⁰iPSC	2⁰iPSC	2⁰iPSC	
rtTA	0.0	mmu-mir-669k-5p	6128	no	ESC	0.364128942208	ESC	ESC	ESC	
D0	0.0	mmu-mir-669c-3p	6128	no	2°MEF	None	2°MEF	High Dox	Day 0	
D11	0.0	mmu-mir-669c-3p	6128	no	D11H	-2.5468389466	D11H	High Dox	Day 11	
D16	0.0	mmu-mir-669c-3p	6128	no	D16H	-1.79662251195	D16H	High Dox	Day 16	
D16APG2r2	0.0	mmu-mir-669c-3p	6128	no	D16L	-3.15282096655	D16L	Low Dox	Day 16	
D18	0.0	mmu-mir-669c-3p	6128	no	D18H	-3.59679417317	D18H	High Dox	Day 18	
D2	0.0	mmu-mir-669c-3p	6128	no	D2H	-3.00599517102	D2H	High Dox	Day 02	
D21PG2r2DoxMinus	0.0	mmu-mir-669c-3p	6128	no	D21Ø	-5.02419961553	D21Ø	Low Dox	Day 21	
D21PG2r2DoxPlus	0.0	mmu-mir-669c-3p	6128	no	D21L	-1.7363326693	D21L	Low Dox	Day 21	
D5	0.0	mmu-mir-669c-3p	6128	no	D5H	-2.09815046016	D5H	High Dox	Day 05	
D8	0.0	mmu-mir-669c-3p	6128	no	D8H	-3.83561266404	D8H	High Dox	Day 08	
IPS1o	0.0	mmu-mir-669c-3p	6128	no	1⁰iPSC	-1.76237690211	1⁰iPSC	1⁰iPSC	1⁰iPSC	
IPS2o	0.0	mmu-mir-669c-3p	6128	no	2⁰iPSC	None	2⁰iPSC	2⁰iPSC	2⁰iPSC	
rtTA	0.0	mmu-mir-669c-3p	6128	no	ESC	-1.63587105768	ESC	ESC	ESC	
D0	0.0	mmu-mir-669h-5p	6128	no	2°MEF	1.58230395027	2°MEF	High Dox	Day 0	
D11	0.0	mmu-mir-669h-5p	6128	no	D11H	2.51925024356	D11H	High Dox	Day 11	
D16	0.0	mmu-mir-669h-5p	6128	no	D16H	5.98473720171	D16H	High Dox	Day 16	
D16APG2r2	0.0	mmu-mir-669h-5p	6128	no	D16L	3.94521111668	D16L	Low Dox	Day 16	
D18	0.0	mmu-mir-669h-5p	6128	no	D18H	5.06854174383	D18H	High Dox	Day 18	
D2	0.0	mmu-mir-669h-5p	6128	no	D2H	4.14882293747	D2H	High Dox	Day 02	
D21PG2r2DoxMinus	0.0	mmu-mir-669h-5p	6128	no	D21Ø	5.12554750587	D21Ø	Low Dox	Day 21	
D21PG2r2DoxPlus	0.0	mmu-mir-669h-5p	6128	no	D21L	1.64448911469	D21L	Low Dox	Day 21	
D5	0.0	mmu-mir-669h-5p	6128	no	D5H	4.14025427915	D5H	High Dox	Day 05	
D8	0.0	mmu-mir-669h-5p	6128	no	D8H	5.78643915513	D8H	High Dox	Day 08	
IPS1o	0.0	mmu-mir-669h-5p	6128	no	1⁰iPSC	5.31443869507	1⁰iPSC	1⁰iPSC	1⁰iPSC	
IPS2o	0.0	mmu-mir-669h-5p	6128	no	2⁰iPSC	5.88421526559	2⁰iPSC	2⁰iPSC	2⁰iPSC	
rtTA	0.0	mmu-mir-669h-5p	6128	no	ESC	7.11343972681	ESC	ESC	ESC	
D0	0.0	mmu-mir-466o-3p	6128	no	2°MEF	-1.26569295632	2°MEF	High Dox	Day 0	
D11	0.0	mmu-mir-466o-3p	6128	no	D11H	2.20804855528	D11H	High Dox	Day 11	
D16	0.0	mmu-mir-466o-3p	6128	no	D16H	3.12620962767	D16H	High Dox	Day 16	
D16APG2r2	0.0	mmu-mir-466o-3p	6128	no	D16L	2.93464187496	D16L	Low Dox	Day 16	
D18	0.0	mmu-mir-466o-3p	6128	no	D18H	2.33394316419	D18H	High Dox	Day 18	
D2	0.0	mmu-mir-466o-3p	6128	no	D2H	3.42026958311	D2H	High Dox	Day 02	
D21PG2r2DoxMinus	0.0	mmu-mir-466o-3p	6128	no	D21Ø	3.24726341427	D21Ø	Low Dox	Day 21	
D21PG2r2DoxPlus	0.0	mmu-mir-466o-3p	6128	no	D21L	3.95482923528	D21L	Low Dox	Day 21	
D5	0.0	mmu-mir-466o-3p	6128	no	D5H	2.40964418001	D5H	High Dox	Day 05	
D8	0.0	mmu-mir-466o-3p	6128	no	D8H	2.55670475844	D8H	High Dox	Day 08	
IPS1o	0.0	mmu-mir-466o-3p	6128	no	1⁰iPSC	3.13244086133	1⁰iPSC	1⁰iPSC	1⁰iPSC	
IPS2o	0.0	mmu-mir-466o-3p	6128	no	2⁰iPSC	2.78355292658	2⁰iPSC	2⁰iPSC	2⁰iPSC	
rtTA	0.0	mmu-mir-466o-3p	6128	no	ESC	2.70990377906	ESC	ESC	ESC	
D0	0.0	mmu-mir-669f-5p	6128	no	2°MEF	6.15889326998	2°MEF	High Dox	Day 0	
D11	0.0	mmu-mir-669f-5p	6128	no	D11H	5.38389839067	D11H	High Dox	Day 11	
D16	0.0	mmu-mir-669f-5p	6128	no	D16H	8.68349447646	D16H	High Dox	Day 16	
D16APG2r2	0.0	mmu-mir-669f-5p	6128	no	D16L	8.46911642168	D16L	Low Dox	Day 16	
D18	0.0	mmu-mir-669f-5p	6128	no	D18H	8.86263744528	D18H	High Dox	Day 18	
D2	0.0	mmu-mir-669f-5p	6128	no	D2H	8.39834812	D2H	High Dox	Day 02	
D21PG2r2DoxMinus	0.0	mmu-mir-669f-5p	6128	no	D21Ø	8.63244869812	D21Ø	Low Dox	Day 21	
D21PG2r2DoxPlus	0.0	mmu-mir-669f-5p	6128	no	D21L	4.95250042923	D21L	Low Dox	Day 21	
D5	0.0	mmu-mir-669f-5p	6128	no	D5H	8.50524407071	D5H	High Dox	Day 05	
D8	0.0	mmu-mir-669f-5p	6128	no	D8H	8.91195096593	D8H	High Dox	Day 08	
IPS1o	0.0	mmu-mir-669f-5p	6128	no	1⁰iPSC	8.87990047652	1⁰iPSC	1⁰iPSC	1⁰iPSC	
IPS2o	0.0	mmu-mir-669f-5p	6128	no	2⁰iPSC	9.14850830506	2⁰iPSC	2⁰iPSC	2⁰iPSC	
rtTA	0.0	mmu-mir-669f-5p	6128	no	ESC	10.2149669037	ESC	ESC	ESC	
D0	0.0	mmu-mir-669d-2-3p	6128	no	2°MEF	2.73430704373	2°MEF	High Dox	Day 0	
D11	0.0	mmu-mir-669d-2-3p	6128	no	D11H	5.04561809037	D11H	High Dox	Day 11	
D16	0.0	mmu-mir-669d-2-3p	6128	no	D16H	5.45761877556	D16H	High Dox	Day 16	
D16APG2r2	0.0	mmu-mir-669d-2-3p	6128	no	D16L	4.66256232953	D16L	Low Dox	Day 16	
D18	0.0	mmu-mir-669d-2-3p	6128	no	D18H	4.84614932249	D18H	High Dox	Day 18	
D2	0.0	mmu-mir-669d-2-3p	6128	no	D2H	5.23001902031	D2H	High Dox	Day 02	
D21PG2r2DoxMinus	0.0	mmu-mir-669d-2-3p	6128	no	D21Ø	5.35734333755	D21Ø	Low Dox	Day 21	
D21PG2r2DoxPlus	0.0	mmu-mir-669d-2-3p	6128	no	D21L	5.92781828273	D21L	Low Dox	Day 21	
D5	0.0	mmu-mir-669d-2-3p	6128	no	D5H	4.40964418002	D5H	High Dox	Day 05	
D8	0.0	mmu-mir-669d-2-3p	6128	no	D8H	4.76430017786	D8H	High Dox	Day 08	
IPS1o	0.0	mmu-mir-669d-2-3p	6128	no	1⁰iPSC	5.59737265834	1⁰iPSC	1⁰iPSC	1⁰iPSC	
IPS2o	0.0	mmu-mir-669d-2-3p	6128	no	2⁰iPSC	5.05033946728	2⁰iPSC	2⁰iPSC	2⁰iPSC	
rtTA	0.0	mmu-mir-669d-2-3p	6128	no	ESC	5.25894670553	ESC	ESC	ESC	
D0	0.0	mmu-mir-466l-3p	6128	no	2°MEF	-3.5876210519	2°MEF	High Dox	Day 0	
D11	0.0	mmu-mir-466l-3p	6128	no	D11H	1.58244407006	D11H	High Dox	Day 11	
D16	0.0	mmu-mir-466l-3p	6128	no	D16H	2.57261129785	D16H	High Dox	Day 16	
D16APG2r2	0.0	mmu-mir-466l-3p	6128	no	D16L	2.56142455137	D16L	Low Dox	Day 16	
D18	0.0	mmu-mir-466l-3p	6128	no	D18H	1.65113334009	D18H	High Dox	Day 18	
D2	0.0	mmu-mir-466l-3p	6128	no	D2H	2.27940704727	D2H	High Dox	Day 02	
D21PG2r2DoxMinus	0.0	mmu-mir-466l-3p	6128	no	D21Ø	3.66928734386	D21Ø	Low Dox	Day 21	
D21PG2r2DoxPlus	0.0	mmu-mir-466l-3p	6128	no	D21L	3.66738951678	D21L	Low Dox	Day 21	
D5	0.0	mmu-mir-466l-3p	6128	no	D5H	1.03113255677	D5H	High Dox	Day 05	
D8	0.0	mmu-mir-466l-3p	6128	no	D8H	0.486315430535	D8H	High Dox	Day 08	
IPS1o	0.0	mmu-mir-466l-3p	6128	no	1⁰iPSC	2.1918194084	1⁰iPSC	1⁰iPSC	1⁰iPSC	
IPS2o	0.0	mmu-mir-466l-3p	6128	no	2⁰iPSC	1.53844042873	2⁰iPSC	2⁰iPSC	2⁰iPSC	
rtTA	0.0	mmu-mir-466l-3p	6128	no	ESC	1.53405394366	ESC	ESC	ESC	
D0	0.0	mmu-mir-669o-3p	6128	no	2°MEF	10.2178205488	2°MEF	High Dox	Day 0	
D11	0.0	mmu-mir-669o-3p	6128	no	D11H	10.5340618363	D11H	High Dox	Day 11	
D16	0.0	mmu-mir-669o-3p	6128	no	D16H	10.4088653083	D16H	High Dox	Day 16	
D16APG2r2	0.0	mmu-mir-669o-3p	6128	no	D16L	12.4378245574	D16L	Low Dox	Day 16	
D18	0.0	mmu-mir-669o-3p	6128	no	D18H	9.9918033556	D18H	High Dox	Day 18	
D2	0.0	mmu-mir-669o-3p	6128	no	D2H	11.9568330703	D2H	High Dox	Day 02	
D21PG2r2DoxMinus	0.0	mmu-mir-669o-3p	6128	no	D21Ø	13.1317204627	D21Ø	Low Dox	Day 21	
D21PG2r2DoxPlus	0.0	mmu-mir-669o-3p	6128	no	D21L	13.6911547824	D21L	Low Dox	Day 21	
D5	0.0	mmu-mir-669o-3p	6128	no	D5H	10.6212918405	D5H	High Dox	Day 05	
D8	0.0	mmu-mir-669o-3p	6128	no	D8H	11.2290880044	D8H	High Dox	Day 08	
IPS1o	0.0	mmu-mir-669o-3p	6128	no	1⁰iPSC	11.9799851709	1⁰iPSC	1⁰iPSC	1⁰iPSC	
IPS2o	0.0	mmu-mir-669o-3p	6128	no	2⁰iPSC	11.2380450123	2⁰iPSC	2⁰iPSC	2⁰iPSC	
rtTA	0.0	mmu-mir-669o-3p	6128	no	ESC	11.2235990207	ESC	ESC	ESC	
D0	0.0	mmu-mir-669b-3p	6128	no	2°MEF	2.60220350772	2°MEF	High Dox	Day 0	
D11	0.0	mmu-mir-669b-3p	6128	no	D11H	4.23452076663	D11H	High Dox	Day 11	
D16	0.0	mmu-mir-669b-3p	6128	no	D16H	4.42576990952	D16H	High Dox	Day 16	
D16APG2r2	0.0	mmu-mir-669b-3p	6128	no	D16L	5.57934645938	D16L	Low Dox	Day 16	
D18	0.0	mmu-mir-669b-3p	6128	no	D18H	4.29802358995	D18H	High Dox	Day 18	
D2	0.0	mmu-mir-669b-3p	6128	no	D2H	6.21075068661	D2H	High Dox	Day 02	
D21PG2r2DoxMinus	0.0	mmu-mir-669b-3p	6128	no	D21Ø	5.54090246473	D21Ø	Low Dox	Day 21	
D21PG2r2DoxPlus	0.0	mmu-mir-669b-3p	6128	no	D21L	6.77936716902	D21L	Low Dox	Day 21	
D5	0.0	mmu-mir-669b-3p	6128	no	D5H	4.22827902695	D5H	High Dox	Day 05	
D8	0.0	mmu-mir-669b-3p	6128	no	D8H	4.29881365589	D8H	High Dox	Day 08	
IPS1o	0.0	mmu-mir-669b-3p	6128	no	1⁰iPSC	5.52071145104	1⁰iPSC	1⁰iPSC	1⁰iPSC	
IPS2o	0.0	mmu-mir-669b-3p	6128	no	2⁰iPSC	4.27540602291	2⁰iPSC	2⁰iPSC	2⁰iPSC	
rtTA	0.0	mmu-mir-669b-3p	6128	no	ESC	5.1145567962	ESC	ESC	ESC	
D0	0.0	mmu-mir-466n-5p	6128	no	2°MEF	-2.58762105103	2°MEF	High Dox	Day 0	
D11	0.0	mmu-mir-466n-5p	6128	no	D11H	None	D11H	High Dox	Day 11	
D16	0.0	mmu-mir-466n-5p	6128	no	D16H	0.705877828727	D16H	High Dox	Day 16	
D16APG2r2	0.0	mmu-mir-466n-5p	6128	no	D16L	-0.904893452907	D16L	Low Dox	Day 16	
D18	0.0	mmu-mir-466n-5p	6128	no	D18H	-1.27486607863	D18H	High Dox	Day 18	
D2	0.0	mmu-mir-466n-5p	6128	no	D2H	-2.42103267107	D2H	High Dox	Day 02	
D21PG2r2DoxMinus	0.0	mmu-mir-466n-5p	6128	no	D21Ø	0.619656576123	D21Ø	Low Dox	Day 21	
D21PG2r2DoxPlus	0.0	mmu-mir-466n-5p	6128	no	D21L	-3.73633266882	D21L	Low Dox	Day 21	
D5	0.0	mmu-mir-466n-5p	6128	no	D5H	-1.77622236515	D5H	High Dox	Day 05	
D8	0.0	mmu-mir-466n-5p	6128	no	D8H	-1.83561266456	D8H	High Dox	Day 08	
IPS1o	0.0	mmu-mir-466n-5p	6128	no	1⁰iPSC	1.32508593925	1⁰iPSC	1⁰iPSC	1⁰iPSC	
IPS2o	0.0	mmu-mir-466n-5p	6128	no	2⁰iPSC	-1.2164470733	2⁰iPSC	2⁰iPSC	2⁰iPSC	
rtTA	0.0	mmu-mir-466n-5p	6128	no	ESC	0.866629282744	ESC	ESC	ESC	
D0	0.0	mmu-mir-466m-5p	6128	no	2°MEF	-1.58762105103	2°MEF	High Dox	Day 0	
D11	0.0	mmu-mir-466m-5p	6128	no	D11H	1.62308605456	D11H	High Dox	Day 11	
D16	0.0	mmu-mir-466m-5p	6128	no	D16H	0.705877828727	D16H	High Dox	Day 16	
D16APG2r2	0.0	mmu-mir-466m-5p	6128	no	D16L	1.69266908465	D16L	Low Dox	Day 16	
D18	0.0	mmu-mir-466m-5p	6128	no	D18H	1.57313082808	D18H	High Dox	Day 18	
D2	0.0	mmu-mir-466m-5p	6128	no	D2H	0.0814676696817	D2H	High Dox	Day 02	
D21PG2r2DoxMinus	0.0	mmu-mir-466m-5p	6128	no	D21Ø	2.03108282188	D21Ø	Low Dox	Day 21	
D21PG2r2DoxPlus	0.0	mmu-mir-466m-5p	6128	no	D21L	1.96410704888	D21L	Low Dox	Day 21	
D5	0.0	mmu-mir-466m-5p	6128	no	D5H	-0.638718841575	D5H	High Dox	Day 05	
D8	0.0	mmu-mir-466m-5p	6128	no	D8H	1.33431233711	D8H	High Dox	Day 08	
IPS1o	0.0	mmu-mir-466m-5p	6128	no	1⁰iPSC	2.6299405208	1⁰iPSC	1⁰iPSC	1⁰iPSC	
IPS2o	0.0	mmu-mir-466m-5p	6128	no	2⁰iPSC	2.30711488263	2⁰iPSC	2⁰iPSC	2⁰iPSC	
rtTA	0.0	mmu-mir-466m-5p	6128	no	ESC	3.7791664415	ESC	ESC	ESC	
D0	0.0	mmu-mir-467c-5p	6128	no	2°MEF	4.08480429081	2°MEF	High Dox	Day 0	
D11	0.0	mmu-mir-467c-5p	6128	no	D11H	5.96491370687	D11H	High Dox	Day 11	
D16	0.0	mmu-mir-467c-5p	6128	no	D16H	6.99345441881	D16H	High Dox	Day 16	
D16APG2r2	0.0	mmu-mir-467c-5p	6128	no	D16L	4.78822664005	D16L	Low Dox	Day 16	
D18	0.0	mmu-mir-467c-5p	6128	no	D18H	6.47600836119	D18H	High Dox	Day 18	
D2	0.0	mmu-mir-467c-5p	6128	no	D2H	6.1373880424	D2H	High Dox	Day 02	
D21PG2r2DoxMinus	0.0	mmu-mir-467c-5p	6128	no	D21Ø	5.03108282187	D21Ø	Low Dox	Day 21	
D21PG2r2DoxPlus	0.0	mmu-mir-467c-5p	6128	no	D21L	5.1755586074	D21L	Low Dox	Day 21	
D5	0.0	mmu-mir-467c-5p	6128	no	D5H	5.552901231	D5H	High Dox	Day 05	
D8	0.0	mmu-mir-467c-5p	6128	no	D8H	5.15874077253	D8H	High Dox	Day 08	
IPS1o	0.0	mmu-mir-467c-5p	6128	no	1⁰iPSC	7.36432757086	1⁰iPSC	1⁰iPSC	1⁰iPSC	
IPS2o	0.0	mmu-mir-467c-5p	6128	no	2⁰iPSC	6.48225759335	2⁰iPSC	2⁰iPSC	2⁰iPSC	
rtTA	0.0	mmu-mir-467c-5p	6128	no	ESC	7.75787690061	ESC	ESC	ESC	
